"rank","offers_in_group","total","confidence_pct","price_km","title","model","cpu","ram_gb","storage_gb","screen_in","resolution","condition","cpu_score","screen_score","build_score","ram_score","battery_score","value_score","flags","url"
"1","2","70.7","100","650","Lenovo ThinkPad T480 i5-8350U 16GB RAM 256GB SSD 14"" FHD IPS","Lenovo ThinkPad T480","i5-8350U","16","256","14","FHD","used","36","70","90","85","66","100","","https://olx.ba/artikal/61000001"
"2","1","65.7","94","1400","Apple MacBook Air M1 8GB 256GB 13.3 Retina","Apple MacBook Air M1","Apple M1","8","256","13.3","Retina","used","62","82","82","30","unknown","71.4","Battery unknown (counted as 30); title only (description not fetched yet)","https://olx.ba/artikal/61000006"
"3","1","60.8","76","1990","Gaming laptop Lenovo Legion 5 Ryzen 7 5800H RTX 3060 16GB 1TB 165Hz","Lenovo Legion 5","Ryzen 7 5800H","16","1024","","","used","80.1","unknown","70","75","unknown","57.1","Screen quality unknown (counted as 30); model series only, exact model unknown; upgradeability unknown; Battery unknown (counted as 30); title only (description not fetched yet)","https://olx.ba/artikal/61000008"
"4","1","56","94","1700","Lenovo ThinkPad X1 Carbon Gen 7 i7-8665U 16GB 512GB 14"" WQHD","Lenovo ThinkPad X1 Carbon Gen 7","i7-8665U","16","512","14","QHD","used","40.3","78","85","75","unknown","42.9","panel type unknown; upgradeability unknown; Battery unknown (counted as 30); title only (description not fetched yet)","https://olx.ba/artikal/61000009"
"5","1","42.5","76","1899.5","HP EliteBook 840 G8 Ryzen? NE - i5-1135G7 16 GB 15,6","HP EliteBook 840 G8","i5-1135G7","16","","15.6","","new","50","unknown","78","75","unknown","14.3","Screen quality unknown (counted as 30); upgradeability unknown; Battery unknown (counted as 30); title only (description not fetched yet)","https://olx.ba/artikal/61000003"
"6","1","40.2","76","1150","Dell Latitude 7490 Intel Core i7-8650U 8GB 512 GB NVMe 14 inch","Dell Latitude 7490","i7-8650U","8","512","14","","used","40.3","unknown","80","40","unknown","28.6","Screen quality unknown (counted as 30); upgradeability unknown; Battery unknown (counted as 30); title only (description not fetched yet)","https://olx.ba/artikal/61000002"
"7","1","36","52","","Acer Aspire 5 i3-1115G4 8GB","Acer Aspire 5","i3-1115G4","8","","","","","37.5","unknown","52","40","unknown","unknown","Value for money unknown (counted as 30); Screen quality unknown (counted as 30); model series only, exact model unknown; upgradeability unknown; Battery unknown (counted as 30); title only (description not fetched yet)","https://olx.ba/artikal/61000010"
"8","1","30","0","","Laptop hitno prodajem","","","","","","","","unknown","unknown","unknown","unknown","unknown","unknown","CPU performance unknown (counted as 30); Value for money unknown (counted as 30); Screen quality unknown (counted as 30); Keyboard / build comfort unknown (counted as 30); RAM / upgradeability unknown (counted as 30); Battery unknown (counted as 30); title only (description not fetched yet)","https://olx.ba/artikal/61000004"
"9","1","17.9","76","449","Asus VivoBook 15 Celeron N4020 4GB 128GB eMMC","Asus VivoBook 15","Celeron N4020","4","","","","new","10","unknown","52","10","unknown","0","Screen quality unknown (counted as 30); model series only, exact model unknown; upgradeability unknown; Battery unknown (counted as 30); title only (description not fetched yet)","https://olx.ba/artikal/61000007"
